{"n": 1, "dt": 0.02, "canvas_state": {"height": false, "pitch": true, "yaw": false, "roll": false, "pid": true, "step": true, "relay": false}, "wuid": 402, "vals": [{"y": [0.0,0.0,0.0], "ti": "NaN", "kp": "NaN", "r": [0.0,0.0,0.216622074583811], "hash": -312001344, "n": 1, "td": "NaN", "type": "pjago.quad.KICtrl", "e": [0.0,0.0,0.216622074583811], "k": 0, "ts": 0.0199999995529652, "uo": [0.0,0.0,0.0], "d": 0.0, "ki": 4890.00110787063, "enabled": true, "u": [0.0,0.0,21.1856432205454]},{"y": [0.0,0.0,0.0], "ti": "NaN", "kp": "NaN", "r": [0.0,0.0,0.216622074583811], "hash": 61511936, "n": 1, "td": "NaN", "type": "pjago.quad.KICtrl", "e": [0.0,0.0,0.216622074583811], "k": 0, "ts": 0.0199999995529652, "uo": [0.0,0.0,0.0], "d": 0.0, "ki": 4890.00110787063, "enabled": true, "u": [0.0,0.0,21.1856432205454]},{"y": [0.0,0.0,0.0], "ti": "NaN", "kp": "NaN", "r": [0.0,0.0,0.216622074583811], "hash": 435025216, "n": 1, "td": "NaN", "type": "pjago.quad.KICtrl", "e": [0.0,0.0,0.216622074583811], "k": 0, "ts": 0.0199999995529652, "uo": [0.0,0.0,0.0], "d": 0.0, "ki": 4890.00110787063, "enabled": true, "u": [0.0,0.0,21.1856432205454]},{"y": [0.0,0.0,0.0], "ti": "NaN", "kp": "NaN", "r": [0.0,0.0,0.216622074583811], "hash": 808538496, "n": 1, "td": "NaN", "type": "pjago.quad.KICtrl", "e": [0.0,0.0,0.216622074583811], "k": 0, "ts": 0.0199999995529652, "uo": [0.0,0.0,0.0], "d": 0.0, "ki": 4890.00110787063, "enabled": true, "u": [0.0,0.0,21.1856432205454]}], "type": "clojure.lang.PersistentVector", "hash": -592018627}