{"y": [0.0,0.0,0.0], "kp": 0.002661676920918, "r": [0.0,0.0,0.0], "hash": -1217472832, "n": 1, "dt": 0.02, "ku": 0.932226004122239, "type": "pjago.quad.I_PDCtrl", "canvas_state": {"height": false, "pitch": true, "yaw": false, "roll": false, "pid": true, "step": true, "relay": false}, "e": [0.0,0.0,0.0], "k": 0, "ts": 0.0199999995529652, "u1_1": 0.0, "uo": [0.0,0.0,0.0], "d": 0.0, "wuid": 402, "enabled": true, "kd": 0.002446185998505, "ke_1": 0.910079857165203, "u": [0.0,0.0,0.0]}