{"y": [0.0,0.0,0.0], "kp": 0.000512728109657644, "r": [0.0,0.0,0.0], "hash": -1535534720, "n": 1, "dt": 0.02, "ku": 0.888788024288382, "type": "pjago.quad.COMP_DCtrl", "canvas_state": {"height": false, "pitch": true, "yaw": false, "roll": true, "pid": false, "step": true, "relay": false}, "e": [0.0,0.0,0.0], "k": 0, "ts": 0.0199999995529652, "u1_1": 0.0, "uo": [0.0,0.0,0.0], "d": 0.0, "wuid": 407, "enabled": true, "kd": 0.002251030776393, "ke_1": 0.0, "u": [0.0,0.0,0.0]}