{"y": [0.0,0.0,0.0], "kp": 0.144238119371038, "r": [0.0,0.0,0.100000008940697], "hash": 73984512, "n": 1, "dt": 0.02, "ku": 0.956003217835199, "type": "pjago.quad.COMP_DCtrl", "canvas_state": {"height": false, "pitch": true, "yaw": false, "roll": true, "pid": false, "step": true, "relay": false}, "e": [0.0,0.0,0.100000008940697], "k": 0, "ts": 0.0199999995529652, "u1_1": 0.0144238132266931, "uo": [0.0,0.0,0.0], "d": 0.0, "wuid": 407, "enabled": true, "kd": 1.22168, "ke_1": 0.69365487203115, "u": [0.0,0.0,0.0144238132266931]}